var,treated_mean,control_mean,mean_diff,treated_sd,control_sd
relative_total_assets,1.095129255778418,1.3092350191880717,-0.06589587674223665,2.023741139344801,2.628247601100999
