outcome,n_pairs,obs_mean,p_value_two_sided
esg,23,-1.5769476511956488,0.6493
div,22,-500.3402963021909,0.005
