var,treated_mean,control_mean,mean_diff,treated_sd,control_sd
relative_total_assets,0.4209590990132402,0.412120527445007,0.008838571568233125,0.31629782750898633,0.23067320836800537
log_deal_value,6.1937890507603575,6.406307659389768,-0.21251860862941108,0.44638446099567936,0.6672099767911738
