var,treated_mean,control_mean,mean_diff,treated_sd,control_sd
target_total_assets,17014.4984325564,5250.8917228265655,12413.43645067451,13249.814224059128,6738.920701999412
