outcome,n_pairs,obs_mean,p_value_two_sided
esg,7,-9.397274939166655,0.22975
div,7,-0.7952141781266778,0.66075
